BioSample_ID,assembly_ID,region,region_start,region_end,strand,bin,id,taxon_id,genus,scientific_name,organism_name,strain,gene_symbol,amrfinderplus_element_symbol,element_type,element_subtype,drug_class,drug_subclass,antibioticName,antibioticOntology,antibiotic_ontology_link,evidence_accession,evidence_type,evidence_link,evidence_description
SAMD00060955,GCA_000091005.1,AP010953.1,4347084,4350188,+,4714,GCA_000091005_04402,573235,Escherichia,Escherichia coli O26:H11 str. 11368,Escherichia coli O26:H11 str. 11368,11368,acrF,acrF,AMR,AMR,EFFLUX,EFFLUX,,,,,,,
SAMD00060955,GCA_000091005.1,AP010953.1,5404091,5405224,-,4722,GCA_000091005_05392,573235,Escherichia,Escherichia coli O26:H11 str. 11368,Escherichia coli O26:H11 str. 11368,11368,ampC,blaEC,AMR,AMR,BETA-LACTAM,BETA-LACTAM,,,,NF000185.2,HMM,https://www.ncbi.nlm.nih.gov/genome/annotation_prok/evidence/NF000185/,BlaEC family class C beta-lactamase
SAMD00060955,GCA_000091005.1,AP010953.1,5614664,5615896,-,4723,GCA_000091005_05613,573235,Escherichia,Escherichia coli O26:H11 str. 11368,Escherichia coli O26:H11 str. 11368,11368,mdtM,mdtM,AMR,AMR,EFFLUX,EFFLUX,,,,,,,
SAMD00060955,GCA_000091005.1,AP010955.1,3706,4521,+,4681,GCA_000091005_05781,573235,Escherichia,Escherichia coli O26:H11 str. 11368,Escherichia coli O26:H11 str. 11368,11368,neo,aph(3')-Ia,AMR,AMR,AMINOGLYCOSIDE,KANAMYCIN,kanamycin A,ARO_0000049,https://www.ebi.ac.uk/ols4/ontologies/aro/classes/http%3A%2F%2Fpurl.obolibrary.org%2Fobo%2FARO_0000049,NF051474.1,HMM,https://www.ncbi.nlm.nih.gov/genome/annotation_prok/evidence/NF051474/,aminoglycoside O-phosphotransferase APH(3')-Ia
SAMEA1677414,GCA_001095465.1,CQKJ01000001.1,69655,71034,+,4681,GCA_001095465_00076,485,Neisseria,Neisseria gonorrhoeae,Neisseria gonorrhoeae,GCGS225,mdtK,norM,AMR,AMR,EFFLUX,EFFLUX,,,,NF000263.1,HMM,https://www.ncbi.nlm.nih.gov/genome/annotation_prok/evidence/NF000263/,sodium-coupled multidrug efflux MATE transporter NorM
SAMEA1677414,GCA_001095465.1,CQKJ01000005.1,60737,62482,-,4681,GCA_001095465_00654,485,Neisseria,Neisseria gonorrhoeae,Neisseria gonorrhoeae,GCGS225,penA,penA_V316T,AMR,POINT,BETA-LACTAM,CEPHALOSPORIN,cephalosporin,ARO_0000032,https://www.ebi.ac.uk/ols4/ontologies/aro/classes/http%3A%2F%2Fpurl.obolibrary.org%2Fobo%2FARO_0000032,,,,
SAMEA1677414,GCA_001095465.1,CQKJ01000010.1,21284,21916,-,4681,GCA_001095465_00967,485,Neisseria,Neisseria gonorrhoeae,Neisseria gonorrhoeae,GCGS225,mtrR,mtrR_G45D,AMR,POINT,BETA-LACTAM/MACROLIDE/TETRACYCLINE,AZITHROMYCIN/CEPHALOSPORIN/TETRACYCLINE,azithromycin,ARO_3000158,https://www.ebi.ac.uk/ols4/ontologies/aro/classes/http%3A%2F%2Fpurl.obolibrary.org%2Fobo%2FARO_3000158,,,,
SAMEA1677414,GCA_001095465.1,CQKJ01000010.1,21284,21916,-,4681,GCA_001095465_00967,485,Neisseria,Neisseria gonorrhoeae,Neisseria gonorrhoeae,GCGS225,mtrR,mtrR_G45D,AMR,POINT,BETA-LACTAM/MACROLIDE/TETRACYCLINE,AZITHROMYCIN/CEPHALOSPORIN/TETRACYCLINE,cephalosporin,ARO_0000032,https://www.ebi.ac.uk/ols4/ontologies/aro/classes/http%3A%2F%2Fpurl.obolibrary.org%2Fobo%2FARO_0000032,,,,
SAMEA1677414,GCA_001095465.1,CQKJ01000010.1,21284,21916,-,4681,GCA_001095465_00967,485,Neisseria,Neisseria gonorrhoeae,Neisseria gonorrhoeae,GCGS225,mtrR,mtrR_G45D,AMR,POINT,BETA-LACTAM/MACROLIDE/TETRACYCLINE,AZITHROMYCIN/CEPHALOSPORIN/TETRACYCLINE,tetracycline,ARO_0000051,https://www.ebi.ac.uk/ols4/ontologies/aro/classes/http%3A%2F%2Fpurl.obolibrary.org%2Fobo%2FARO_0000051,,,,
SAMEA1677414,GCA_001095465.1,CQKJ01000010.1,22167,23405,+,4681,GCA_001095465_00968,485,Neisseria,Neisseria gonorrhoeae,Neisseria gonorrhoeae,GCGS225,mexA,mtrC,AMR,AMR,EFFLUX,EFFLUX,,,,,,,
SAMEA1677414,GCA_001095465.1,CQKJ01000010.1,46881,47738,+,4681,GCA_001095465_00993,485,Neisseria,Neisseria gonorrhoeae,Neisseria gonorrhoeae,GCGS225,folP,folP_R228S,AMR,POINT,SULFONAMIDE,SULFONAMIDE,,,,,,,
SAMEA1677414,GCA_001095465.1,CQKJ01000013.1,39260,39571,-,4681,GCA_001095465_01186,485,Neisseria,Neisseria gonorrhoeae,Neisseria gonorrhoeae,GCGS225,rpsJ,rpsJ_V57M,AMR,POINT,TETRACYCLINE,TETRACYCLINE,,,,,,,
SAMEA1677414,GCA_001095465.1,CQKJ01000014.1,31146,32669,+,4681,GCA_001095465_01237,485,Neisseria,Neisseria gonorrhoeae,Neisseria gonorrhoeae,GCGS225,farB,farB,AMR,AMR,EFFLUX,EFFLUX,,,,,,,
SAMEA1677414,GCA_001095465.1,CQKJ01000018.1,6473,7378,-,4681,GCA_001095465_01426,485,Neisseria,Neisseria gonorrhoeae,Neisseria gonorrhoeae,GCGS225,mtrA,mtrA,AMR,AMR,EFFLUX,EFFLUX,,,,,,,
SAMN12087642,GCA_006658565.1,VHGI01000008.1,48632,51346,+,4681,GCA_006658565_01186,470,Acinetobacter,Acinetobacter baumannii,Acinetobacter baumannii,MRSN23390,gyrA,gyrA_S81L,AMR,POINT,QUINOLONE,QUINOLONE,,,,,,,
SAMN12087642,GCA_006658565.1,VHGI01000008.1,74105,75298,+,4681,GCA_006658565_01208,470,Acinetobacter,Acinetobacter baumannii,Acinetobacter baumannii,MRSN23390,,cxpE,AMR,AMR,PHENICOL,CHLORAMPHENICOL,chloramphenicol,ARO_3000385,https://www.ebi.ac.uk/ols4/ontologies/aro/classes/http%3A%2F%2Fpurl.obolibrary.org%2Fobo%2FARO_3000385,NF045801.1,HMM,https://www.ncbi.nlm.nih.gov/genome/annotation_prok/evidence/NF045801/,chloramphenicol efflux transporter CxpE
SAMN12087642,GCA_006658565.1,VHGI01000010.1,1451,2929,-,4681,GCA_006658565_01403,470,Acinetobacter,Acinetobacter baumannii,Acinetobacter baumannii,MRSN23390,smvA,amvA,AMR,AMR,EFFLUX,EFFLUX,,,,,,,
SAMN12087642,GCA_006658565.1,VHGI01000016.1,52769,53557,+,4681,GCA_006658565_01956,470,Acinetobacter,Acinetobacter baumannii,Acinetobacter baumannii,MRSN23390,ant1,ant(3'')-IIa,AMR,AMR,AMINOGLYCOSIDE,SPECTINOMYCIN/STREPTOMYCIN,spectinomycin,ARO_0000039,https://www.ebi.ac.uk/ols4/ontologies/aro/classes/http%3A%2F%2Fpurl.obolibrary.org%2Fobo%2FARO_0000039,NF033220.1,HMM,https://www.ncbi.nlm.nih.gov/genome/annotation_prok/evidence/NF033220/,ANT(3'')-II family aminoglycoside nucleotidyltransferase
SAMN12087642,GCA_006658565.1,VHGI01000016.1,52769,53557,+,4681,GCA_006658565_01956,470,Acinetobacter,Acinetobacter baumannii,Acinetobacter baumannii,MRSN23390,ant1,ant(3'')-IIa,AMR,AMR,AMINOGLYCOSIDE,SPECTINOMYCIN/STREPTOMYCIN,streptomycin,ARO_0000040,https://www.ebi.ac.uk/ols4/ontologies/aro/classes/http%3A%2F%2Fpurl.obolibrary.org%2Fobo%2FARO_0000040,NF033220.1,HMM,https://www.ncbi.nlm.nih.gov/genome/annotation_prok/evidence/NF033220/,ANT(3'')-II family aminoglycoside nucleotidyltransferase
SAMN12087642,GCA_006658565.1,VHGI01000020.1,69728,71017,-,4681,GCA_006658565_02288,470,Acinetobacter,Acinetobacter baumannii,Acinetobacter baumannii,MRSN23390,abaF_2,abaF,AMR,AMR,FOSFOMYCIN,FOSFOMYCIN,,,,,,,
SAMN12087642,GCA_006658565.1,VHGI01000024.1,58552,59376,+,4681,GCA_006658565_02643,470,Acinetobacter,Acinetobacter baumannii,Acinetobacter baumannii,MRSN23390,,blaOXA-51,AMR,AMR,BETA-LACTAM,CARBAPENEM,carbapenem,ARO_0000020,https://www.ebi.ac.uk/ols4/ontologies/aro/classes/http%3A%2F%2Fpurl.obolibrary.org%2Fobo%2FARO_0000020,NF000268.2,HMM,https://www.ncbi.nlm.nih.gov/genome/annotation_prok/evidence/NF000268/,OXA-51 family carbapenem-hydrolyzing class D beta-lactamase
SAMN12087642,GCA_006658565.1,VHGI01000042.1,234,1385,+,4681,GCA_006658565_03345,470,Acinetobacter,Acinetobacter baumannii,Acinetobacter baumannii,MRSN23390,ampC,blaADC-263,AMR,AMR,BETA-LACTAM,CEPHALOSPORIN,cephalosporin,ARO_0000032,https://www.ebi.ac.uk/ols4/ontologies/aro/classes/http%3A%2F%2Fpurl.obolibrary.org%2Fobo%2FARO_0000032,NF000425.2,HMM,https://www.ncbi.nlm.nih.gov/genome/annotation_prok/evidence/NF000425/,ADC family extended-spectrum class C beta-lactamase
SAMN12087642,GCA_006658565.1,VHGI01000044.1,17188,19407,-,4681,GCA_006658565_03426,470,Acinetobacter,Acinetobacter baumannii,Acinetobacter baumannii,MRSN23390,parC,parC_S84L,AMR,POINT,QUINOLONE,QUINOLONE,,,,,,,
SAMN12087642,GCA_006658565.1,VHGI01000054.1,14604,15407,+,4681,GCA_006658565_03695,470,Acinetobacter,Acinetobacter baumannii,Acinetobacter baumannii,MRSN23390,neo,aph(3'')-Ib,AMR,AMR,AMINOGLYCOSIDE,STREPTOMYCIN,streptomycin,ARO_0000040,https://www.ebi.ac.uk/ols4/ontologies/aro/classes/http%3A%2F%2Fpurl.obolibrary.org%2Fobo%2FARO_0000040,NF032895.1,HMM,https://www.ncbi.nlm.nih.gov/genome/annotation_prok/evidence/NF032895/,aminoglycoside O-phosphotransferase APH(3'')-Ib
SAMN12087642,GCA_006658565.1,VHGI01000054.1,15407,16243,+,4681,GCA_006658565_03696,470,Acinetobacter,Acinetobacter baumannii,Acinetobacter baumannii,MRSN23390,,aph(6)-Id,AMR,AMR,AMINOGLYCOSIDE,STREPTOMYCIN,streptomycin,ARO_0000040,https://www.ebi.ac.uk/ols4/ontologies/aro/classes/http%3A%2F%2Fpurl.obolibrary.org%2Fobo%2FARO_0000040,NF012171.0,HMM,https://www.ncbi.nlm.nih.gov/genome/annotation_prok/evidence/NF012171/,APH(6)-I family aminoglycoside O-phosphotransferase
SAMN12087642,GCA_006658565.1,VHGI01000054.1,18856,19671,-,4681,GCA_006658565_03700,470,Acinetobacter,Acinetobacter baumannii,Acinetobacter baumannii,MRSN23390,folP_2,sul2,AMR,AMR,SULFONAMIDE,SULFONAMIDE,,,,NF000295.1,HMM,https://www.ncbi.nlm.nih.gov/genome/annotation_prok/evidence/NF000295/,sulfonamide-resistant dihydropteroate synthase Sul2
SAMN12087642,GCA_006658565.1,VHGI01000062.1,958,1503,+,4681,GCA_006658565_03793,470,Acinetobacter,Acinetobacter baumannii,Acinetobacter baumannii,MRSN23390,aadB,ant(2'')-Ia,AMR,AMR,AMINOGLYCOSIDE,GENTAMICIN/KANAMYCIN/TOBRAMYCIN,gentamicin,ARO_3007382,https://www.ebi.ac.uk/ols4/ontologies/aro/classes/http%3A%2F%2Fpurl.obolibrary.org%2Fobo%2FARO_3007382,NF000064.3,HMM,https://www.ncbi.nlm.nih.gov/genome/annotation_prok/evidence/NF000064/,aminoglycoside nucleotidyltransferase ANT(2'')-Ia
SAMN12087642,GCA_006658565.1,VHGI01000062.1,958,1503,+,4681,GCA_006658565_03793,470,Acinetobacter,Acinetobacter baumannii,Acinetobacter baumannii,MRSN23390,aadB,ant(2'')-Ia,AMR,AMR,AMINOGLYCOSIDE,GENTAMICIN/KANAMYCIN/TOBRAMYCIN,kanamycin A,ARO_0000049,https://www.ebi.ac.uk/ols4/ontologies/aro/classes/http%3A%2F%2Fpurl.obolibrary.org%2Fobo%2FARO_0000049,NF000064.3,HMM,https://www.ncbi.nlm.nih.gov/genome/annotation_prok/evidence/NF000064/,aminoglycoside nucleotidyltransferase ANT(2'')-Ia
SAMN12087642,GCA_006658565.1,VHGI01000062.1,958,1503,+,4681,GCA_006658565_03793,470,Acinetobacter,Acinetobacter baumannii,Acinetobacter baumannii,MRSN23390,aadB,ant(2'')-Ia,AMR,AMR,AMINOGLYCOSIDE,GENTAMICIN/KANAMYCIN/TOBRAMYCIN,tobramycin,ARO_0000052,https://www.ebi.ac.uk/ols4/ontologies/aro/classes/http%3A%2F%2Fpurl.obolibrary.org%2Fobo%2FARO_0000052,NF000064.3,HMM,https://www.ncbi.nlm.nih.gov/genome/annotation_prok/evidence/NF000064/,aminoglycoside nucleotidyltransferase ANT(2'')-Ia
SAMN12087642,GCA_006658565.1,VHGI01000087.1,93,872,+,4681,GCA_006658565_03861,470,Acinetobacter,Acinetobacter baumannii,Acinetobacter baumannii,MRSN23390,aphA,aph(3')-VIa,AMR,AMR,AMINOGLYCOSIDE,AMIKACIN/KANAMYCIN,amikacin,ARO_0000013,https://www.ebi.ac.uk/ols4/ontologies/aro/classes/http%3A%2F%2Fpurl.obolibrary.org%2Fobo%2FARO_0000013,NF033062.0,HMM,https://www.ncbi.nlm.nih.gov/genome/annotation_prok/evidence/NF033062/,APH(3')-VI family aminoglycoside O-phosphotransferase
SAMN12087642,GCA_006658565.1,VHGI01000087.1,93,872,+,4681,GCA_006658565_03861,470,Acinetobacter,Acinetobacter baumannii,Acinetobacter baumannii,MRSN23390,aphA,aph(3')-VIa,AMR,AMR,AMINOGLYCOSIDE,AMIKACIN/KANAMYCIN,kanamycin A,ARO_0000049,https://www.ebi.ac.uk/ols4/ontologies/aro/classes/http%3A%2F%2Fpurl.obolibrary.org%2Fobo%2FARO_0000049,NF033062.0,HMM,https://www.ncbi.nlm.nih.gov/genome/annotation_prok/evidence/NF033062/,APH(3')-VI family aminoglycoside O-phosphotransferase
SAMN22135411,GCA_020750525.1,DAFBZU010000003.1,24635,27106,+,4681,GCA_020750525_00220,1352,Enterococcus,Enterococcus faecium,Enterococcus faecium,,gyrA,gyrA_S83R,AMR,POINT,QUINOLONE,QUINOLONE,,,,,,,
SAMN22135411,GCA_020750525.1,DAFBZU010000017.1,6020,7498,-,4681,GCA_020750525_01013,1352,Enterococcus,Enterococcus faecium,Enterococcus faecium,,msr(C)_1,msr(C),AMR,AMR,MACROLIDE/STREPTOGRAMIN,AZITHROMYCIN/ERYTHROMYCIN/STREPTOGRAMIN B/TYLOSIN,azithromycin,ARO_3000158,https://www.ebi.ac.uk/ols4/ontologies/aro/classes/http%3A%2F%2Fpurl.obolibrary.org%2Fobo%2FARO_3000158,NF000168.2,HMM,https://www.ncbi.nlm.nih.gov/genome/annotation_prok/evidence/NF000168/,Msr family ABC-F type ribosomal protection protein
SAMN22135411,GCA_020750525.1,DAFBZU010000017.1,6020,7498,-,4681,GCA_020750525_01013,1352,Enterococcus,Enterococcus faecium,Enterococcus faecium,,msr(C)_1,msr(C),AMR,AMR,MACROLIDE/STREPTOGRAMIN,AZITHROMYCIN/ERYTHROMYCIN/STREPTOGRAMIN B/TYLOSIN,erythromycin,ARO_0000006,https://www.ebi.ac.uk/ols4/ontologies/aro/classes/http%3A%2F%2Fpurl.obolibrary.org%2Fobo%2FARO_0000006,NF000168.2,HMM,https://www.ncbi.nlm.nih.gov/genome/annotation_prok/evidence/NF000168/,Msr family ABC-F type ribosomal protection protein
SAMN22135411,GCA_020750525.1,DAFBZU010000017.1,6020,7498,-,4681,GCA_020750525_01013,1352,Enterococcus,Enterococcus faecium,Enterococcus faecium,,msr(C)_1,msr(C),AMR,AMR,MACROLIDE/STREPTOGRAMIN,AZITHROMYCIN/ERYTHROMYCIN/STREPTOGRAMIN B/TYLOSIN,streptogramin B antibiotic,ARO_0000050,https://www.ebi.ac.uk/ols4/ontologies/aro/classes/http%3A%2F%2Fpurl.obolibrary.org%2Fobo%2FARO_0000050,NF000168.2,HMM,https://www.ncbi.nlm.nih.gov/genome/annotation_prok/evidence/NF000168/,Msr family ABC-F type ribosomal protection protein
SAMN22135411,GCA_020750525.1,DAFBZU010000017.1,6020,7498,-,4681,GCA_020750525_01013,1352,Enterococcus,Enterococcus faecium,Enterococcus faecium,,msr(C)_1,msr(C),AMR,AMR,MACROLIDE/STREPTOGRAMIN,AZITHROMYCIN/ERYTHROMYCIN/STREPTOGRAMIN B/TYLOSIN,tylosin,ARO_3000145,https://www.ebi.ac.uk/ols4/ontologies/aro/classes/http%3A%2F%2Fpurl.obolibrary.org%2Fobo%2FARO_3000145,NF000168.2,HMM,https://www.ncbi.nlm.nih.gov/genome/annotation_prok/evidence/NF000168/,Msr family ABC-F type ribosomal protection protein
SAMN22135411,GCA_020750525.1,DAFBZU010000030.1,3465,5915,+,4681,GCA_020750525_01430,1352,Enterococcus,Enterococcus faecium,Enterococcus faecium,,parC,parC_S80R,AMR,POINT,QUINOLONE,QUINOLONE,,,,,,,
SAMN22135411,GCA_020750525.1,DAFBZU010000033.1,5766,6314,+,4681,GCA_020750525_01523,1352,Enterococcus,Enterococcus faecium,Enterococcus faecium,,,aac(6')-I,AMR,AMR,AMINOGLYCOSIDE,AMINOGLYCOSIDE,,,,NF000165.3,HMM,https://www.ncbi.nlm.nih.gov/genome/annotation_prok/evidence/NF000165/,aminoglycoside 6'-N-acetyltransferase
SAMN22135411,GCA_020750525.1,DAFBZU010000038.1,22009,23076,+,4681,GCA_020750525_01659,1352,Enterococcus,Enterococcus faecium,Enterococcus faecium,,liaS,liaS_T120A,AMR,POINT,LIPOPEPTIDE,DAPTOMYCIN,daptomycin,ARO_0000068,https://www.ebi.ac.uk/ols4/ontologies/aro/classes/http%3A%2F%2Fpurl.obolibrary.org%2Fobo%2FARO_0000068,,,,
SAMN22135411,GCA_020750525.1,DAFBZU010000038.1,23083,23715,+,4681,GCA_020750525_01660,1352,Enterococcus,Enterococcus faecium,Enterococcus faecium,,vraR,liaR_W73C,AMR,POINT,LIPOPEPTIDE,DAPTOMYCIN,daptomycin,ARO_0000068,https://www.ebi.ac.uk/ols4/ontologies/aro/classes/http%3A%2F%2Fpurl.obolibrary.org%2Fobo%2FARO_0000068,,,,
SAMN22135411,GCA_020750525.1,DAFBZU010000054.1,15948,17987,+,4681,GCA_020750525_01999,1352,Enterococcus,Enterococcus faecium,Enterococcus faecium,,pbp,pbp5_M485A,AMR,POINT,BETA-LACTAM,BETA-LACTAM,,,,,,,
SAMN22135411,GCA_020750525.1,DAFBZU010000079.1,5426,7345,+,4681,GCA_020750525_02343,1352,Enterococcus,Enterococcus faecium,Enterococcus faecium,,tet(M)_1,tet(M),AMR,AMR,TETRACYCLINE,TETRACYCLINE,,,,NF012155.1,HMM,https://www.ncbi.nlm.nih.gov/genome/annotation_prok/evidence/NF012155/,tetracycline resistance ribosomal protection protein Tet(M)
SAMN22135411,GCA_020750525.1,DAFBZU010000079.1,7443,8816,+,4681,GCA_020750525_02344,1352,Enterococcus,Enterococcus faecium,Enterococcus faecium,,tet(L)_1,tet(L),AMR,AMR,TETRACYCLINE,TETRACYCLINE,,,,NF012185.0,HMM,https://www.ncbi.nlm.nih.gov/genome/annotation_prok/evidence/NF012185/,tetracycline efflux MFS transporter Tet(L)
SAMN22135411,GCA_020750525.1,DAFBZU010000093.1,1807,2280,-,4681,GCA_020750525_02487,1352,Enterococcus,Enterococcus faecium,Enterococcus faecium,,,dfrF,AMR,AMR,TRIMETHOPRIM,TRIMETHOPRIM,,,,NF000333.1,HMM,https://www.ncbi.nlm.nih.gov/genome/annotation_prok/evidence/NF000333/,trimethoprim-resistant dihydrofolate reductase DfrF
SAMN22135411,GCA_020750525.1,DAFBZU010000104.1,276,1013,+,4681,GCA_020750525_02586,1352,Enterococcus,Enterococcus faecium,Enterococcus faecium,,erm_1,erm(B),AMR,AMR,LINCOSAMIDE/MACROLIDE/STREPTOGRAMIN,CLINDAMYCIN/ERYTHROMYCIN/STREPTOGRAMIN B,clindamycin,ARO_0000066,https://www.ebi.ac.uk/ols4/ontologies/aro/classes/http%3A%2F%2Fpurl.obolibrary.org%2Fobo%2FARO_0000066,NF012220.1,HMM,https://www.ncbi.nlm.nih.gov/genome/annotation_prok/evidence/NF012220/,23S rRNA (adenine(2058)-N(6))-methyltransferase Erm(B)
SAMN22135411,GCA_020750525.1,DAFBZU010000104.1,276,1013,+,4681,GCA_020750525_02586,1352,Enterococcus,Enterococcus faecium,Enterococcus faecium,,erm_1,erm(B),AMR,AMR,LINCOSAMIDE/MACROLIDE/STREPTOGRAMIN,CLINDAMYCIN/ERYTHROMYCIN/STREPTOGRAMIN B,erythromycin,ARO_0000006,https://www.ebi.ac.uk/ols4/ontologies/aro/classes/http%3A%2F%2Fpurl.obolibrary.org%2Fobo%2FARO_0000006,NF012220.1,HMM,https://www.ncbi.nlm.nih.gov/genome/annotation_prok/evidence/NF012220/,23S rRNA (adenine(2058)-N(6))-methyltransferase Erm(B)
SAMN22135411,GCA_020750525.1,DAFBZU010000104.1,276,1013,+,4681,GCA_020750525_02586,1352,Enterococcus,Enterococcus faecium,Enterococcus faecium,,erm_1,erm(B),AMR,AMR,LINCOSAMIDE/MACROLIDE/STREPTOGRAMIN,CLINDAMYCIN/ERYTHROMYCIN/STREPTOGRAMIN B,streptogramin B antibiotic,ARO_0000050,https://www.ebi.ac.uk/ols4/ontologies/aro/classes/http%3A%2F%2Fpurl.obolibrary.org%2Fobo%2FARO_0000050,NF012220.1,HMM,https://www.ncbi.nlm.nih.gov/genome/annotation_prok/evidence/NF012220/,23S rRNA (adenine(2058)-N(6))-methyltransferase Erm(B)
SAMN22135411,GCA_020750525.1,DAFBZU010000104.1,4324,5184,+,4681,GCA_020750525_02592,1352,Enterococcus,Enterococcus faecium,Enterococcus faecium,,aadK_1,ant(6)-Ia,AMR,AMR,AMINOGLYCOSIDE,STREPTOMYCIN,streptomycin,ARO_0000040,https://www.ebi.ac.uk/ols4/ontologies/aro/classes/http%3A%2F%2Fpurl.obolibrary.org%2Fobo%2FARO_0000040,NF033084.2,HMM,https://www.ncbi.nlm.nih.gov/genome/annotation_prok/evidence/NF033084/,aminoglycoside 6-nucleotidyltransferase
SAMN22135411,GCA_020750525.1,DAFBZU010000104.1,5181,5723,+,4681,GCA_020750525_02593,1352,Enterococcus,Enterococcus faecium,Enterococcus faecium,,satA_1,sat4,AMR,AMR,STREPTOTHRICIN,STREPTOTHRICIN,,,,NF000360.1,HMM,https://www.ncbi.nlm.nih.gov/genome/annotation_prok/evidence/NF000360/,streptothricin N-acetyltransferase Sat4
SAMN22135411,GCA_020750525.1,DAFBZU010000104.1,5816,6610,+,4681,GCA_020750525_02594,1352,Enterococcus,Enterococcus faecium,Enterococcus faecium,,aphA_1,aph(3')-IIIa,AMR,AMR,AMINOGLYCOSIDE,AMIKACIN/KANAMYCIN,amikacin,ARO_0000013,https://www.ebi.ac.uk/ols4/ontologies/aro/classes/http%3A%2F%2Fpurl.obolibrary.org%2Fobo%2FARO_0000013,NF033064.0,HMM,https://www.ncbi.nlm.nih.gov/genome/annotation_prok/evidence/NF033064/,aminoglycoside O-phosphotransferase APH(3')-IIIa
SAMN22135411,GCA_020750525.1,DAFBZU010000104.1,5816,6610,+,4681,GCA_020750525_02594,1352,Enterococcus,Enterococcus faecium,Enterococcus faecium,,aphA_1,aph(3')-IIIa,AMR,AMR,AMINOGLYCOSIDE,AMIKACIN/KANAMYCIN,kanamycin A,ARO_0000049,https://www.ebi.ac.uk/ols4/ontologies/aro/classes/http%3A%2F%2Fpurl.obolibrary.org%2Fobo%2FARO_0000049,NF033064.0,HMM,https://www.ncbi.nlm.nih.gov/genome/annotation_prok/evidence/NF033064/,aminoglycoside O-phosphotransferase APH(3')-IIIa
SAMN22135411,GCA_020750525.1,DAFBZU010000125.1,2913,3398,-,4681,GCA_020750525_02725,1352,Enterococcus,Enterococcus faecium,Enterococcus faecium,,,vanZ-A,AMR,AMR,GLYCOPEPTIDE,VANCOMYCIN,vancomycin,ARO_0000028,https://www.ebi.ac.uk/ols4/ontologies/aro/classes/http%3A%2F%2Fpurl.obolibrary.org%2Fobo%2FARO_0000028,NF033125.2,HMM,https://www.ncbi.nlm.nih.gov/genome/annotation_prok/evidence/NF033125/,glycopeptide resistance protein VanZ-A
SAMN22135411,GCA_020750525.1,DAFBZU010000125.1,3551,4462,-,4681,GCA_020750525_02726,1352,Enterococcus,Enterococcus faecium,Enterococcus faecium,,vanY_1,vanY-A,AMR,AMR,GLYCOPEPTIDE,VANCOMYCIN,vancomycin,ARO_0000028,https://www.ebi.ac.uk/ols4/ontologies/aro/classes/http%3A%2F%2Fpurl.obolibrary.org%2Fobo%2FARO_0000028,NF000472.1,HMM,https://www.ncbi.nlm.nih.gov/genome/annotation_prok/evidence/NF000472/,VanY-A/VanY-F/VanY-M family D-Ala-D-Ala carboxypeptidase
SAMN22135411,GCA_020750525.1,DAFBZU010000148.1,204,1172,+,4681,GCA_020750525_02811,1352,Enterococcus,Enterococcus faecium,Enterococcus faecium,,vanH_1,vanH-A,AMR,AMR,GLYCOPEPTIDE,VANCOMYCIN,vancomycin,ARO_0000028,https://www.ebi.ac.uk/ols4/ontologies/aro/classes/http%3A%2F%2Fpurl.obolibrary.org%2Fobo%2FARO_0000028,NF000371.1,HMM,https://www.ncbi.nlm.nih.gov/genome/annotation_prok/evidence/NF000371/,VanH-A/VanH-Pt family D-lactate dehydrogenase
SAMN22135411,GCA_020750525.1,DAFBZU010000148.1,1165,2196,+,4681,GCA_020750525_02812,1352,Enterococcus,Enterococcus faecium,Enterococcus faecium,,vanA_1,vanA,AMR,AMR,GLYCOPEPTIDE,VANCOMYCIN,vancomycin,ARO_0000028,https://www.ebi.ac.uk/ols4/ontologies/aro/classes/http%3A%2F%2Fpurl.obolibrary.org%2Fobo%2FARO_0000028,NF012217.1,HMM,https://www.ncbi.nlm.nih.gov/genome/annotation_prok/evidence/NF012217/,D-alanine--(R)-lactate ligase VanA
SAMN22135411,GCA_020750525.1,DAFBZU010000148.1,2202,2810,+,4681,GCA_020750525_02813,1352,Enterococcus,Enterococcus faecium,Enterococcus faecium,,vanX_1,vanX-A,AMR,AMR,GLYCOPEPTIDE,VANCOMYCIN,vancomycin,ARO_0000028,https://www.ebi.ac.uk/ols4/ontologies/aro/classes/http%3A%2F%2Fpurl.obolibrary.org%2Fobo%2FARO_0000028,NF033115.1,HMM,https://www.ncbi.nlm.nih.gov/genome/annotation_prok/evidence/NF033115/,D-Ala-D-Ala dipeptidase VanX
SAMN22135411,GCA_020750525.1,DAFBZU010000161.1,729,1424,+,4681,GCA_020750525_02838,1352,Enterococcus,Enterococcus faecium,Enterococcus faecium,,walR_2,vanR-A,AMR,AMR,GLYCOPEPTIDE,VANCOMYCIN,vancomycin,ARO_0000028,https://www.ebi.ac.uk/ols4/ontologies/aro/classes/http%3A%2F%2Fpurl.obolibrary.org%2Fobo%2FARO_0000028,NF000401.1,HMM,https://www.ncbi.nlm.nih.gov/genome/annotation_prok/evidence/NF000401/,vancomycin resistance response regulator transcription factor VanR-A
SAMN22135411,GCA_020750525.1,DAFBZU010000240.1,16813,18291,+,4681,GCA_020750525_02980,1352,Enterococcus,Enterococcus faecium,Enterococcus faecium,,msr(C)_2,msr(C),AMR,AMR,MACROLIDE/STREPTOGRAMIN,AZITHROMYCIN/ERYTHROMYCIN/STREPTOGRAMIN B/TYLOSIN,azithromycin,ARO_3000158,https://www.ebi.ac.uk/ols4/ontologies/aro/classes/http%3A%2F%2Fpurl.obolibrary.org%2Fobo%2FARO_3000158,NF000168.2,HMM,https://www.ncbi.nlm.nih.gov/genome/annotation_prok/evidence/NF000168/,Msr family ABC-F type ribosomal protection protein
SAMN22135411,GCA_020750525.1,DAFBZU010000240.1,16813,18291,+,4681,GCA_020750525_02980,1352,Enterococcus,Enterococcus faecium,Enterococcus faecium,,msr(C)_2,msr(C),AMR,AMR,MACROLIDE/STREPTOGRAMIN,AZITHROMYCIN/ERYTHROMYCIN/STREPTOGRAMIN B/TYLOSIN,erythromycin,ARO_0000006,https://www.ebi.ac.uk/ols4/ontologies/aro/classes/http%3A%2F%2Fpurl.obolibrary.org%2Fobo%2FARO_0000006,NF000168.2,HMM,https://www.ncbi.nlm.nih.gov/genome/annotation_prok/evidence/NF000168/,Msr family ABC-F type ribosomal protection protein
SAMN22135411,GCA_020750525.1,DAFBZU010000240.1,16813,18291,+,4681,GCA_020750525_02980,1352,Enterococcus,Enterococcus faecium,Enterococcus faecium,,msr(C)_2,msr(C),AMR,AMR,MACROLIDE/STREPTOGRAMIN,AZITHROMYCIN/ERYTHROMYCIN/STREPTOGRAMIN B/TYLOSIN,streptogramin B antibiotic,ARO_0000050,https://www.ebi.ac.uk/ols4/ontologies/aro/classes/http%3A%2F%2Fpurl.obolibrary.org%2Fobo%2FARO_0000050,NF000168.2,HMM,https://www.ncbi.nlm.nih.gov/genome/annotation_prok/evidence/NF000168/,Msr family ABC-F type ribosomal protection protein
SAMN22135411,GCA_020750525.1,DAFBZU010000240.1,16813,18291,+,4681,GCA_020750525_02980,1352,Enterococcus,Enterococcus faecium,Enterococcus faecium,,msr(C)_2,msr(C),AMR,AMR,MACROLIDE/STREPTOGRAMIN,AZITHROMYCIN/ERYTHROMYCIN/STREPTOGRAMIN B/TYLOSIN,tylosin,ARO_3000145,https://www.ebi.ac.uk/ols4/ontologies/aro/classes/http%3A%2F%2Fpurl.obolibrary.org%2Fobo%2FARO_3000145,NF000168.2,HMM,https://www.ncbi.nlm.nih.gov/genome/annotation_prok/evidence/NF000168/,Msr family ABC-F type ribosomal protection protein
SAMN22135411,GCA_020750525.1,DAFBZU010000241.1,5467,7386,+,4681,GCA_020750525_02988,1352,Enterococcus,Enterococcus faecium,Enterococcus faecium,,tet(M)_2,tet(M),AMR,AMR,TETRACYCLINE,TETRACYCLINE,,,,NF012155.1,HMM,https://www.ncbi.nlm.nih.gov/genome/annotation_prok/evidence/NF012155/,tetracycline resistance ribosomal protection protein Tet(M)
SAMN22135411,GCA_020750525.1,DAFBZU010000241.1,7484,8857,+,4681,GCA_020750525_02989,1352,Enterococcus,Enterococcus faecium,Enterococcus faecium,,tet(L)_2,tet(L),AMR,AMR,TETRACYCLINE,TETRACYCLINE,,,,NF012185.0,HMM,https://www.ncbi.nlm.nih.gov/genome/annotation_prok/evidence/NF012185/,tetracycline efflux MFS transporter Tet(L)
SAMN22135411,GCA_020750525.1,DAFBZU010000242.1,6338,6811,+,4681,GCA_020750525_03002,1352,Enterococcus,Enterococcus faecium,Enterococcus faecium,,,dfrF,AMR,AMR,TRIMETHOPRIM,TRIMETHOPRIM,,,,NF000333.1,HMM,https://www.ncbi.nlm.nih.gov/genome/annotation_prok/evidence/NF000333/,trimethoprim-resistant dihydrofolate reductase DfrF
SAMN22135411,GCA_020750525.1,DAFBZU010000243.1,317,1054,+,4681,GCA_020750525_03006,1352,Enterococcus,Enterococcus faecium,Enterococcus faecium,,erm_2,erm(B),AMR,AMR,LINCOSAMIDE/MACROLIDE/STREPTOGRAMIN,CLINDAMYCIN/ERYTHROMYCIN/STREPTOGRAMIN B,clindamycin,ARO_0000066,https://www.ebi.ac.uk/ols4/ontologies/aro/classes/http%3A%2F%2Fpurl.obolibrary.org%2Fobo%2FARO_0000066,NF012220.1,HMM,https://www.ncbi.nlm.nih.gov/genome/annotation_prok/evidence/NF012220/,23S rRNA (adenine(2058)-N(6))-methyltransferase Erm(B)
SAMN22135411,GCA_020750525.1,DAFBZU010000243.1,317,1054,+,4681,GCA_020750525_03006,1352,Enterococcus,Enterococcus faecium,Enterococcus faecium,,erm_2,erm(B),AMR,AMR,LINCOSAMIDE/MACROLIDE/STREPTOGRAMIN,CLINDAMYCIN/ERYTHROMYCIN/STREPTOGRAMIN B,erythromycin,ARO_0000006,https://www.ebi.ac.uk/ols4/ontologies/aro/classes/http%3A%2F%2Fpurl.obolibrary.org%2Fobo%2FARO_0000006,NF012220.1,HMM,https://www.ncbi.nlm.nih.gov/genome/annotation_prok/evidence/NF012220/,23S rRNA (adenine(2058)-N(6))-methyltransferase Erm(B)
SAMN22135411,GCA_020750525.1,DAFBZU010000243.1,317,1054,+,4681,GCA_020750525_03006,1352,Enterococcus,Enterococcus faecium,Enterococcus faecium,,erm_2,erm(B),AMR,AMR,LINCOSAMIDE/MACROLIDE/STREPTOGRAMIN,CLINDAMYCIN/ERYTHROMYCIN/STREPTOGRAMIN B,streptogramin B antibiotic,ARO_0000050,https://www.ebi.ac.uk/ols4/ontologies/aro/classes/http%3A%2F%2Fpurl.obolibrary.org%2Fobo%2FARO_0000050,NF012220.1,HMM,https://www.ncbi.nlm.nih.gov/genome/annotation_prok/evidence/NF012220/,23S rRNA (adenine(2058)-N(6))-methyltransferase Erm(B)
SAMN22135411,GCA_020750525.1,DAFBZU010000243.1,4365,5225,+,4681,GCA_020750525_03012,1352,Enterococcus,Enterococcus faecium,Enterococcus faecium,,aadK_2,ant(6)-Ia,AMR,AMR,AMINOGLYCOSIDE,STREPTOMYCIN,streptomycin,ARO_0000040,https://www.ebi.ac.uk/ols4/ontologies/aro/classes/http%3A%2F%2Fpurl.obolibrary.org%2Fobo%2FARO_0000040,NF033084.2,HMM,https://www.ncbi.nlm.nih.gov/genome/annotation_prok/evidence/NF033084/,aminoglycoside 6-nucleotidyltransferase
SAMN22135411,GCA_020750525.1,DAFBZU010000243.1,5222,5764,+,4681,GCA_020750525_03013,1352,Enterococcus,Enterococcus faecium,Enterococcus faecium,,satA_2,sat4,AMR,AMR,STREPTOTHRICIN,STREPTOTHRICIN,,,,NF000360.1,HMM,https://www.ncbi.nlm.nih.gov/genome/annotation_prok/evidence/NF000360/,streptothricin N-acetyltransferase Sat4
SAMN22135411,GCA_020750525.1,DAFBZU010000243.1,5857,6651,+,4681,GCA_020750525_03014,1352,Enterococcus,Enterococcus faecium,Enterococcus faecium,,aphA_2,aph(3')-IIIa,AMR,AMR,AMINOGLYCOSIDE,AMIKACIN/KANAMYCIN,amikacin,ARO_0000013,https://www.ebi.ac.uk/ols4/ontologies/aro/classes/http%3A%2F%2Fpurl.obolibrary.org%2Fobo%2FARO_0000013,NF033064.0,HMM,https://www.ncbi.nlm.nih.gov/genome/annotation_prok/evidence/NF033064/,aminoglycoside O-phosphotransferase APH(3')-IIIa
SAMN22135411,GCA_020750525.1,DAFBZU010000243.1,5857,6651,+,4681,GCA_020750525_03014,1352,Enterococcus,Enterococcus faecium,Enterococcus faecium,,aphA_2,aph(3')-IIIa,AMR,AMR,AMINOGLYCOSIDE,AMIKACIN/KANAMYCIN,kanamycin A,ARO_0000049,https://www.ebi.ac.uk/ols4/ontologies/aro/classes/http%3A%2F%2Fpurl.obolibrary.org%2Fobo%2FARO_0000049,NF033064.0,HMM,https://www.ncbi.nlm.nih.gov/genome/annotation_prok/evidence/NF033064/,aminoglycoside O-phosphotransferase APH(3')-IIIa
SAMN22135411,GCA_020750525.1,DAFBZU010000244.1,5807,6355,+,4681,GCA_020750525_03019,1352,Enterococcus,Enterococcus faecium,Enterococcus faecium,,,aac(6')-I,AMR,AMR,AMINOGLYCOSIDE,AMINOGLYCOSIDE,,,,NF000165.3,HMM,https://www.ncbi.nlm.nih.gov/genome/annotation_prok/evidence/NF000165/,aminoglycoside 6'-N-acetyltransferase
SAMN22135411,GCA_020750525.1,DAFBZU010000245.1,94,1005,+,4681,GCA_020750525_03020,1352,Enterococcus,Enterococcus faecium,Enterococcus faecium,,vanY_2,vanY-A,AMR,AMR,GLYCOPEPTIDE,VANCOMYCIN,vancomycin,ARO_0000028,https://www.ebi.ac.uk/ols4/ontologies/aro/classes/http%3A%2F%2Fpurl.obolibrary.org%2Fobo%2FARO_0000028,NF000472.1,HMM,https://www.ncbi.nlm.nih.gov/genome/annotation_prok/evidence/NF000472/,VanY-A/VanY-F/VanY-M family D-Ala-D-Ala carboxypeptidase
SAMN22135411,GCA_020750525.1,DAFBZU010000245.1,1158,1643,+,4681,GCA_020750525_03021,1352,Enterococcus,Enterococcus faecium,Enterococcus faecium,,,vanZ-A,AMR,AMR,GLYCOPEPTIDE,VANCOMYCIN,vancomycin,ARO_0000028,https://www.ebi.ac.uk/ols4/ontologies/aro/classes/http%3A%2F%2Fpurl.obolibrary.org%2Fobo%2FARO_0000028,NF033125.2,HMM,https://www.ncbi.nlm.nih.gov/genome/annotation_prok/evidence/NF033125/,glycopeptide resistance protein VanZ-A
SAMN22135411,GCA_020750525.1,DAFBZU010000246.1,245,1213,+,4681,GCA_020750525_03026,1352,Enterococcus,Enterococcus faecium,Enterococcus faecium,,vanH_2,vanH-A,AMR,AMR,GLYCOPEPTIDE,VANCOMYCIN,vancomycin,ARO_0000028,https://www.ebi.ac.uk/ols4/ontologies/aro/classes/http%3A%2F%2Fpurl.obolibrary.org%2Fobo%2FARO_0000028,NF000371.1,HMM,https://www.ncbi.nlm.nih.gov/genome/annotation_prok/evidence/NF000371/,VanH-A/VanH-Pt family D-lactate dehydrogenase
SAMN22135411,GCA_020750525.1,DAFBZU010000246.1,1206,2237,+,4681,GCA_020750525_03027,1352,Enterococcus,Enterococcus faecium,Enterococcus faecium,,vanA_2,vanA,AMR,AMR,GLYCOPEPTIDE,VANCOMYCIN,vancomycin,ARO_0000028,https://www.ebi.ac.uk/ols4/ontologies/aro/classes/http%3A%2F%2Fpurl.obolibrary.org%2Fobo%2FARO_0000028,NF012217.1,HMM,https://www.ncbi.nlm.nih.gov/genome/annotation_prok/evidence/NF012217/,D-alanine--(R)-lactate ligase VanA
SAMN22135411,GCA_020750525.1,DAFBZU010000246.1,2243,2851,+,4681,GCA_020750525_03028,1352,Enterococcus,Enterococcus faecium,Enterococcus faecium,,vanX_2,vanX-A,AMR,AMR,GLYCOPEPTIDE,VANCOMYCIN,vancomycin,ARO_0000028,https://www.ebi.ac.uk/ols4/ontologies/aro/classes/http%3A%2F%2Fpurl.obolibrary.org%2Fobo%2FARO_0000028,NF033115.1,HMM,https://www.ncbi.nlm.nih.gov/genome/annotation_prok/evidence/NF033115/,D-Ala-D-Ala dipeptidase VanX
SAMN22135411,GCA_020750525.1,DAFBZU010000247.1,770,1465,+,4681,GCA_020750525_03030,1352,Enterococcus,Enterococcus faecium,Enterococcus faecium,,walR_3,vanR-A,AMR,AMR,GLYCOPEPTIDE,VANCOMYCIN,vancomycin,ARO_0000028,https://www.ebi.ac.uk/ols4/ontologies/aro/classes/http%3A%2F%2Fpurl.obolibrary.org%2Fobo%2FARO_0000028,NF000401.1,HMM,https://www.ncbi.nlm.nih.gov/genome/annotation_prok/evidence/NF000401/,vancomycin resistance response regulator transcription factor VanR-A
SAMN11110597,GCA_023946195.1,DAHOED010000001.1,852916,854160,-,4687,GCA_023946195_00829,287,Pseudomonas,Pseudomonas aeruginosa,Pseudomonas aeruginosa,,bepF_1,mexE,AMR,AMR,EFFLUX,EFFLUX,,,,NF045904.1,HMM,https://www.ncbi.nlm.nih.gov/genome/annotation_prok/evidence/NF045904/,multidrug efflux RND transporter periplasmic adaptor subunit MexE
SAMN11110597,GCA_023946195.1,DAHOED010000004.1,52160,52798,-,4681,GCA_023946195_02011,287,Pseudomonas,Pseudomonas aeruginosa,Pseudomonas aeruginosa,,cat_1,catB7,AMR,AMR,PHENICOL,CHLORAMPHENICOL,chloramphenicol,ARO_3000385,https://www.ebi.ac.uk/ols4/ontologies/aro/classes/http%3A%2F%2Fpurl.obolibrary.org%2Fobo%2FARO_3000385,NF000490.1,HMM,https://www.ncbi.nlm.nih.gov/genome/annotation_prok/evidence/NF000490/,type B chloramphenicol O-acetyltransferase
SAMN11110597,GCA_023946195.1,DAHOED010000004.1,482108,482515,+,4684,GCA_023946195_02435,287,Pseudomonas,Pseudomonas aeruginosa,Pseudomonas aeruginosa,,fosA_1,fosA,AMR,AMR,FOSFOMYCIN,FOSFOMYCIN,,,,NF000094.1,HMM,https://www.ncbi.nlm.nih.gov/genome/annotation_prok/evidence/NF000094/,FosA family fosfomycin resistance glutathione transferase
SAMN11110597,GCA_023946195.1,DAHOED010000006.1,245488,246639,-,4682,GCA_023946195_03189,287,Pseudomonas,Pseudomonas aeruginosa,Pseudomonas aeruginosa,,mexA,mexA,AMR,AMR,EFFLUX,EFFLUX,,,,NF033834.1,HMM,https://www.ncbi.nlm.nih.gov/genome/annotation_prok/evidence/NF033834/,multidrug efflux RND transporter periplasmic adaptor subunit MexA
SAMN11110597,GCA_023946195.1,DAHOED010000006.1,246914,247357,+,4682,GCA_023946195_03190,287,Pseudomonas,Pseudomonas aeruginosa,Pseudomonas aeruginosa,,mexR,mexR_T130P,AMR,POINT,BETA-LACTAM,AZTREONAM/AZTREONAM-AVIBACTAM/CARBAPENEM/VABORBACTAM,aztreonam,ARO_3000550,https://www.ebi.ac.uk/ols4/ontologies/aro/classes/http%3A%2F%2Fpurl.obolibrary.org%2Fobo%2FARO_3000550,,,,
SAMN11110597,GCA_023946195.1,DAHOED010000006.1,246914,247357,+,4682,GCA_023946195_03190,287,Pseudomonas,Pseudomonas aeruginosa,Pseudomonas aeruginosa,,mexR,mexR_T130P,AMR,POINT,BETA-LACTAM,AZTREONAM/AZTREONAM-AVIBACTAM/CARBAPENEM/VABORBACTAM,aztreonam-avibactam,ARO_3007366,https://www.ebi.ac.uk/ols4/ontologies/aro/classes/http%3A%2F%2Fpurl.obolibrary.org%2Fobo%2FARO_3007366,,,,
SAMN11110597,GCA_023946195.1,DAHOED010000006.1,246914,247357,+,4682,GCA_023946195_03190,287,Pseudomonas,Pseudomonas aeruginosa,Pseudomonas aeruginosa,,mexR,mexR_T130P,AMR,POINT,BETA-LACTAM,AZTREONAM/AZTREONAM-AVIBACTAM/CARBAPENEM/VABORBACTAM,carbapenem,ARO_0000020,https://www.ebi.ac.uk/ols4/ontologies/aro/classes/http%3A%2F%2Fpurl.obolibrary.org%2Fobo%2FARO_0000020,,,,
SAMN11110597,GCA_023946195.1,DAHOED010000006.1,246914,247357,+,4682,GCA_023946195_03190,287,Pseudomonas,Pseudomonas aeruginosa,Pseudomonas aeruginosa,,mexR,mexR_T130P,AMR,POINT,BETA-LACTAM,AZTREONAM/AZTREONAM-AVIBACTAM/CARBAPENEM/VABORBACTAM,meropenem-vaborbactam,ARO_3007146,https://www.ebi.ac.uk/ols4/ontologies/aro/classes/http%3A%2F%2Fpurl.obolibrary.org%2Fobo%2FARO_3007146,,,,
SAMN11110597,GCA_023946195.1,DAHOED010000008.1,40024,41214,-,4681,GCA_023946195_03700,287,Pseudomonas,Pseudomonas aeruginosa,Pseudomonas aeruginosa,,acrE_1,mexX,AMR,AMR,EFFLUX,EFFLUX,,,,,,,
SAMN11110597,GCA_023946195.1,DAHOED010000009.1,162387,163175,+,4682,GCA_023946195_04061,287,Pseudomonas,Pseudomonas aeruginosa,Pseudomonas aeruginosa,,,blaOXA-847,AMR,AMR,BETA-LACTAM,BETA-LACTAM,,,,NF000432.2,HMM,https://www.ncbi.nlm.nih.gov/genome/annotation_prok/evidence/NF000432/,OXA-50 family oxacillin-hydrolyzing class D beta-lactamase
SAMN11110597,GCA_023946195.1,DAHOED010000009.1,223828,226248,+,4682,GCA_023946195_04121,287,Pseudomonas,Pseudomonas aeruginosa,Pseudomonas aeruginosa,,gyrB,gyrB_S466Y,AMR,POINT,QUINOLONE,QUINOLONE,,,,,,,
SAMN11110597,GCA_023946195.1,DAHOED010000014.1,93369,94562,+,4681,GCA_023946195_05015,287,Pseudomonas,Pseudomonas aeruginosa,Pseudomonas aeruginosa,,ampC_1,blaPDC-1,AMR,AMR,BETA-LACTAM,CEPHALOSPORIN,cephalosporin,ARO_0000032,https://www.ebi.ac.uk/ols4/ontologies/aro/classes/http%3A%2F%2Fpurl.obolibrary.org%2Fobo%2FARO_0000032,NF000422.6,HMM,https://www.ncbi.nlm.nih.gov/genome/annotation_prok/evidence/NF000422/,PDC family class C beta-lactamase
SAMN11110597,GCA_023946195.1,DAHOED010000014.1,106918,107724,-,4681,GCA_023946195_05024,287,Pseudomonas,Pseudomonas aeruginosa,Pseudomonas aeruginosa,,neo_1,aph(3')-IIb,AMR,AMR,AMINOGLYCOSIDE,KANAMYCIN,kanamycin A,ARO_0000049,https://www.ebi.ac.uk/ols4/ontologies/aro/classes/http%3A%2F%2Fpurl.obolibrary.org%2Fobo%2FARO_0000049,NF032898.2,HMM,https://www.ncbi.nlm.nih.gov/genome/annotation_prok/evidence/NF032898/,APH(3')-II family aminoglycoside O-phosphotransferase
SAMN11110597,GCA_023946195.1,DAHOED010000058.1,17595,18002,+,4681,GCA_023946195_06152,287,Pseudomonas,Pseudomonas aeruginosa,Pseudomonas aeruginosa,,fosA_2,fosA,AMR,AMR,FOSFOMYCIN,FOSFOMYCIN,,,,NF000094.1,HMM,https://www.ncbi.nlm.nih.gov/genome/annotation_prok/evidence/NF000094/,FosA family fosfomycin resistance glutathione transferase
SAMN11110597,GCA_023946195.1,DAHOED010000059.1,5893,7086,+,4681,GCA_023946195_06175,287,Pseudomonas,Pseudomonas aeruginosa,Pseudomonas aeruginosa,,ampC_2,blaPDC-1,AMR,AMR,BETA-LACTAM,CEPHALOSPORIN,cephalosporin,ARO_0000032,https://www.ebi.ac.uk/ols4/ontologies/aro/classes/http%3A%2F%2Fpurl.obolibrary.org%2Fobo%2FARO_0000032,NF000422.6,HMM,https://www.ncbi.nlm.nih.gov/genome/annotation_prok/evidence/NF000422/,PDC family class C beta-lactamase
SAMN11110597,GCA_023946195.1,DAHOED010000059.1,19442,20248,-,4681,GCA_023946195_06184,287,Pseudomonas,Pseudomonas aeruginosa,Pseudomonas aeruginosa,,neo_2,aph(3')-IIb,AMR,AMR,AMINOGLYCOSIDE,KANAMYCIN,kanamycin A,ARO_0000049,https://www.ebi.ac.uk/ols4/ontologies/aro/classes/http%3A%2F%2Fpurl.obolibrary.org%2Fobo%2FARO_0000049,NF032898.2,HMM,https://www.ncbi.nlm.nih.gov/genome/annotation_prok/evidence/NF032898/,APH(3')-II family aminoglycoside O-phosphotransferase
SAMN11110597,GCA_023946195.1,DAHOED010000062.1,14390,15580,+,4681,GCA_023946195_06241,287,Pseudomonas,Pseudomonas aeruginosa,Pseudomonas aeruginosa,,acrE_2,mexX,AMR,AMR,EFFLUX,EFFLUX,,,,,,,
SAMN11110597,GCA_023946195.1,DAHOED010000064.1,8858,9646,+,4681,GCA_023946195_06263,287,Pseudomonas,Pseudomonas aeruginosa,Pseudomonas aeruginosa,,,blaOXA-847,AMR,AMR,BETA-LACTAM,BETA-LACTAM,,,,NF000432.2,HMM,https://www.ncbi.nlm.nih.gov/genome/annotation_prok/evidence/NF000432/,OXA-50 family oxacillin-hydrolyzing class D beta-lactamase
SAMN11110597,GCA_023946195.1,DAHOED010000065.1,5207,5845,+,4681,GCA_023946195_06273,287,Pseudomonas,Pseudomonas aeruginosa,Pseudomonas aeruginosa,,cat_2,catB7,AMR,AMR,PHENICOL,CHLORAMPHENICOL,chloramphenicol,ARO_3000385,https://www.ebi.ac.uk/ols4/ontologies/aro/classes/http%3A%2F%2Fpurl.obolibrary.org%2Fobo%2FARO_3000385,NF000490.1,HMM,https://www.ncbi.nlm.nih.gov/genome/annotation_prok/evidence/NF000490/,type B chloramphenicol O-acetyltransferase
SAMD00497822,GCA_030801005.1,DAOXYK010000001.1,191203,193830,-,4682,GCA_030801005_00180,562,Escherichia,Escherichia coli,Escherichia coli,JBAGABE-19-0018,gyrA,gyrA_S83L,AMR,POINT,QUINOLONE,QUINOLONE,,,,,,,
SAMD00497822,GCA_030801005.1,DAOXYK010000007.1,152227,155331,+,4682,GCA_030801005_01513,562,Escherichia,Escherichia coli,Escherichia coli,JBAGABE-19-0018,acrF,acrF,AMR,AMR,EFFLUX,EFFLUX,,,,,,,
SAMD00497822,GCA_030801005.1,DAOXYK010000011.1,51380,53638,-,4681,GCA_030801005_02002,562,Escherichia,Escherichia coli,Escherichia coli,JBAGABE-19-0018,parC,parC_S80I,AMR,POINT,QUINOLONE,QUINOLONE,,,,,,,
SAMD00497822,GCA_030801005.1,DAOXYK010000011.1,61169,63061,-,4681,GCA_030801005_02012,562,Escherichia,Escherichia coli,Escherichia coli,JBAGABE-19-0018,parE,parE_L416F,AMR,POINT,QUINOLONE,QUINOLONE,,,,,,,
SAMD00497822,GCA_030801005.1,DAOXYK010000012.1,124119,125252,+,4681,GCA_030801005_02204,562,Escherichia,Escherichia coli,Escherichia coli,JBAGABE-19-0018,ampC_1,blaEC,AMR,AMR,BETA-LACTAM,BETA-LACTAM,,,,NF000185.2,HMM,https://www.ncbi.nlm.nih.gov/genome/annotation_prok/evidence/NF000185/,BlaEC family class C beta-lactamase
SAMD00497822,GCA_030801005.1,DAOXYK010000020.1,45186,47732,-,4681,GCA_030801005_02954,562,Escherichia,Escherichia coli,Escherichia coli,JBAGABE-19-0018,cyaA,cyaA_S352T,AMR,POINT,FOSMIDOMYCIN,FOSMIDOMYCIN,,,,,,,
SAMD00497822,GCA_030801005.1,DAOXYK010000049.1,24454,25314,-,4681,GCA_030801005_04370,562,Escherichia,Escherichia coli,Escherichia coli,JBAGABE-19-0018,bla_1,blaTEM-1,AMR,AMR,BETA-LACTAM,BETA-LACTAM,,,,NF000531.2,HMM,https://www.ncbi.nlm.nih.gov/genome/annotation_prok/evidence/NF000531/,TEM family class A beta-lactamase
SAMD00497822,GCA_030801005.1,DAOXYK010000068.1,362,1063,+,4681,GCA_030801005_04652,562,Escherichia,Escherichia coli,Escherichia coli,JBAGABE-19-0018,,dfrA17,AMR,AMR,TRIMETHOPRIM,TRIMETHOPRIM,,,,NF000330.1,HMM,https://www.ncbi.nlm.nih.gov/genome/annotation_prok/evidence/NF000330/,trimethoprim-resistant dihydrofolate reductase DfrA
SAMD00497822,GCA_030801005.1,DAOXYK010000068.1,1194,1982,+,4681,GCA_030801005_04653,562,Escherichia,Escherichia coli,Escherichia coli,JBAGABE-19-0018,ant1_1,aadA5,AMR,AMR,AMINOGLYCOSIDE,STREPTOMYCIN,streptomycin,ARO_0000040,https://www.ebi.ac.uk/ols4/ontologies/aro/classes/http%3A%2F%2Fpurl.obolibrary.org%2Fobo%2FARO_0000040,NF012157.0,HMM,https://www.ncbi.nlm.nih.gov/genome/annotation_prok/evidence/NF012157/,ANT(3'')-I family aminoglycoside nucleotidyltransferase
SAMD00497822,GCA_030801005.1,DAOXYK010000068.1,2529,3368,+,4681,GCA_030801005_04655,562,Escherichia,Escherichia coli,Escherichia coli,JBAGABE-19-0018,folP_2,sul1,AMR,AMR,SULFONAMIDE,SULFONAMIDE,,,,NF000294.1,HMM,https://www.ncbi.nlm.nih.gov/genome/annotation_prok/evidence/NF000294/,sulfonamide-resistant dihydropteroate synthase Sul1
SAMD00497822,GCA_030801005.1,DAOXYK010000068.1,8679,9584,-,4681,GCA_030801005_04662,562,Escherichia,Escherichia coli,Escherichia coli,JBAGABE-19-0018,,mph(A),AMR,AMR,MACROLIDE,AZITHROMYCIN/ERYTHROMYCIN/SPIRAMYCIN/TELITHROMYCIN,azithromycin,ARO_3000158,https://www.ebi.ac.uk/ols4/ontologies/aro/classes/http%3A%2F%2Fpurl.obolibrary.org%2Fobo%2FARO_3000158,NF000254.1,HMM,https://www.ncbi.nlm.nih.gov/genome/annotation_prok/evidence/NF000254/,Mph(A) family macrolide 2'-phosphotransferase
SAMD00497822,GCA_030801005.1,DAOXYK010000068.1,8679,9584,-,4681,GCA_030801005_04662,562,Escherichia,Escherichia coli,Escherichia coli,JBAGABE-19-0018,,mph(A),AMR,AMR,MACROLIDE,AZITHROMYCIN/ERYTHROMYCIN/SPIRAMYCIN/TELITHROMYCIN,erythromycin,ARO_0000006,https://www.ebi.ac.uk/ols4/ontologies/aro/classes/http%3A%2F%2Fpurl.obolibrary.org%2Fobo%2FARO_0000006,NF000254.1,HMM,https://www.ncbi.nlm.nih.gov/genome/annotation_prok/evidence/NF000254/,Mph(A) family macrolide 2'-phosphotransferase
SAMD00497822,GCA_030801005.1,DAOXYK010000068.1,8679,9584,-,4681,GCA_030801005_04662,562,Escherichia,Escherichia coli,Escherichia coli,JBAGABE-19-0018,,mph(A),AMR,AMR,MACROLIDE,AZITHROMYCIN/ERYTHROMYCIN/SPIRAMYCIN/TELITHROMYCIN,spiramycin,ARO_3000156,https://www.ebi.ac.uk/ols4/ontologies/aro/classes/http%3A%2F%2Fpurl.obolibrary.org%2Fobo%2FARO_3000156,NF000254.1,HMM,https://www.ncbi.nlm.nih.gov/genome/annotation_prok/evidence/NF000254/,Mph(A) family macrolide 2'-phosphotransferase
SAMD00497822,GCA_030801005.1,DAOXYK010000068.1,8679,9584,-,4681,GCA_030801005_04662,562,Escherichia,Escherichia coli,Escherichia coli,JBAGABE-19-0018,,mph(A),AMR,AMR,MACROLIDE,AZITHROMYCIN/ERYTHROMYCIN/SPIRAMYCIN/TELITHROMYCIN,telithromycin,ARO_0000057,https://www.ebi.ac.uk/ols4/ontologies/aro/classes/http%3A%2F%2Fpurl.obolibrary.org%2Fobo%2FARO_0000057,NF000254.1,HMM,https://www.ncbi.nlm.nih.gov/genome/annotation_prok/evidence/NF000254/,Mph(A) family macrolide 2'-phosphotransferase
SAMD00497822,GCA_030801005.1,DAOXYK010000088.1,838,2037,+,4681,GCA_030801005_04799,562,Escherichia,Escherichia coli,Escherichia coli,JBAGABE-19-0018,tetA_1,tet(A),AMR,AMR,TETRACYCLINE,TETRACYCLINE,,,,NF012193.0,HMM,https://www.ncbi.nlm.nih.gov/genome/annotation_prok/evidence/NF012193/,tetracycline efflux MFS transporter Tet(A)
SAMD00497822,GCA_030801005.1,DAOXYK010000090.1,205,1041,-,4681,GCA_030801005_04804,562,Escherichia,Escherichia coli,Escherichia coli,JBAGABE-19-0018,,aph(6)-Id,AMR,AMR,AMINOGLYCOSIDE,STREPTOMYCIN,streptomycin,ARO_0000040,https://www.ebi.ac.uk/ols4/ontologies/aro/classes/http%3A%2F%2Fpurl.obolibrary.org%2Fobo%2FARO_0000040,NF012171.0,HMM,https://www.ncbi.nlm.nih.gov/genome/annotation_prok/evidence/NF012171/,APH(6)-I family aminoglycoside O-phosphotransferase
SAMD00497822,GCA_030801005.1,DAOXYK010000090.1,1041,1844,-,4681,GCA_030801005_04805,562,Escherichia,Escherichia coli,Escherichia coli,JBAGABE-19-0018,neo_1,aph(3'')-Ib,AMR,AMR,AMINOGLYCOSIDE,STREPTOMYCIN,streptomycin,ARO_0000040,https://www.ebi.ac.uk/ols4/ontologies/aro/classes/http%3A%2F%2Fpurl.obolibrary.org%2Fobo%2FARO_0000040,NF032895.1,HMM,https://www.ncbi.nlm.nih.gov/genome/annotation_prok/evidence/NF032895/,aminoglycoside O-phosphotransferase APH(3'')-Ib
SAMD00497822,GCA_030801005.1,DAOXYK010000090.1,1905,2720,-,4681,GCA_030801005_04806,562,Escherichia,Escherichia coli,Escherichia coli,JBAGABE-19-0018,folP_3,sul2,AMR,AMR,SULFONAMIDE,SULFONAMIDE,,,,NF000295.1,HMM,https://www.ncbi.nlm.nih.gov/genome/annotation_prok/evidence/NF000295/,sulfonamide-resistant dihydropteroate synthase Sul2
SAMD00497822,GCA_030801005.1,DAOXYK010000099.1,567,1442,+,4681,GCA_030801005_04828,562,Escherichia,Escherichia coli,Escherichia coli,JBAGABE-19-0018,bla_2,blaCTX-M-14,AMR,AMR,BETA-LACTAM,CEPHALOSPORIN,cephalosporin,ARO_0000032,https://www.ebi.ac.uk/ols4/ontologies/aro/classes/http%3A%2F%2Fpurl.obolibrary.org%2Fobo%2FARO_0000032,NF033089.1,HMM,https://www.ncbi.nlm.nih.gov/genome/annotation_prok/evidence/NF033089/,CTX-M family extended-spectrum class A beta-lactamase
SAMD00497822,GCA_030801005.1,DAOXYK010000135.1,9533,10666,+,4681,GCA_030801005_04877,562,Escherichia,Escherichia coli,Escherichia coli,JBAGABE-19-0018,ampC_2,blaEC,AMR,AMR,BETA-LACTAM,BETA-LACTAM,,,,NF000185.2,HMM,https://www.ncbi.nlm.nih.gov/genome/annotation_prok/evidence/NF000185/,BlaEC family class C beta-lactamase
SAMD00497822,GCA_030801005.1,DAOXYK010000136.1,109,1014,+,4681,GCA_030801005_04880,562,Escherichia,Escherichia coli,Escherichia coli,JBAGABE-19-0018,,mph(A),AMR,AMR,MACROLIDE,AZITHROMYCIN/ERYTHROMYCIN/SPIRAMYCIN/TELITHROMYCIN,azithromycin,ARO_3000158,https://www.ebi.ac.uk/ols4/ontologies/aro/classes/http%3A%2F%2Fpurl.obolibrary.org%2Fobo%2FARO_3000158,NF000254.1,HMM,https://www.ncbi.nlm.nih.gov/genome/annotation_prok/evidence/NF000254/,Mph(A) family macrolide 2'-phosphotransferase
SAMD00497822,GCA_030801005.1,DAOXYK010000136.1,109,1014,+,4681,GCA_030801005_04880,562,Escherichia,Escherichia coli,Escherichia coli,JBAGABE-19-0018,,mph(A),AMR,AMR,MACROLIDE,AZITHROMYCIN/ERYTHROMYCIN/SPIRAMYCIN/TELITHROMYCIN,erythromycin,ARO_0000006,https://www.ebi.ac.uk/ols4/ontologies/aro/classes/http%3A%2F%2Fpurl.obolibrary.org%2Fobo%2FARO_0000006,NF000254.1,HMM,https://www.ncbi.nlm.nih.gov/genome/annotation_prok/evidence/NF000254/,Mph(A) family macrolide 2'-phosphotransferase
SAMD00497822,GCA_030801005.1,DAOXYK010000136.1,109,1014,+,4681,GCA_030801005_04880,562,Escherichia,Escherichia coli,Escherichia coli,JBAGABE-19-0018,,mph(A),AMR,AMR,MACROLIDE,AZITHROMYCIN/ERYTHROMYCIN/SPIRAMYCIN/TELITHROMYCIN,spiramycin,ARO_3000156,https://www.ebi.ac.uk/ols4/ontologies/aro/classes/http%3A%2F%2Fpurl.obolibrary.org%2Fobo%2FARO_3000156,NF000254.1,HMM,https://www.ncbi.nlm.nih.gov/genome/annotation_prok/evidence/NF000254/,Mph(A) family macrolide 2'-phosphotransferase
SAMD00497822,GCA_030801005.1,DAOXYK010000136.1,109,1014,+,4681,GCA_030801005_04880,562,Escherichia,Escherichia coli,Escherichia coli,JBAGABE-19-0018,,mph(A),AMR,AMR,MACROLIDE,AZITHROMYCIN/ERYTHROMYCIN/SPIRAMYCIN/TELITHROMYCIN,telithromycin,ARO_0000057,https://www.ebi.ac.uk/ols4/ontologies/aro/classes/http%3A%2F%2Fpurl.obolibrary.org%2Fobo%2FARO_0000057,NF000254.1,HMM,https://www.ncbi.nlm.nih.gov/genome/annotation_prok/evidence/NF000254/,Mph(A) family macrolide 2'-phosphotransferase
SAMD00497822,GCA_030801005.1,DAOXYK010000136.1,6325,7164,-,4681,GCA_030801005_04887,562,Escherichia,Escherichia coli,Escherichia coli,JBAGABE-19-0018,folP_4,sul1,AMR,AMR,SULFONAMIDE,SULFONAMIDE,,,,NF000294.1,HMM,https://www.ncbi.nlm.nih.gov/genome/annotation_prok/evidence/NF000294/,sulfonamide-resistant dihydropteroate synthase Sul1
SAMD00497822,GCA_030801005.1,DAOXYK010000136.1,7711,8499,-,4681,GCA_030801005_04889,562,Escherichia,Escherichia coli,Escherichia coli,JBAGABE-19-0018,ant1_2,aadA5,AMR,AMR,AMINOGLYCOSIDE,STREPTOMYCIN,streptomycin,ARO_0000040,https://www.ebi.ac.uk/ols4/ontologies/aro/classes/http%3A%2F%2Fpurl.obolibrary.org%2Fobo%2FARO_0000040,NF012157.0,HMM,https://www.ncbi.nlm.nih.gov/genome/annotation_prok/evidence/NF012157/,ANT(3'')-I family aminoglycoside nucleotidyltransferase
SAMD00497822,GCA_030801005.1,DAOXYK010000137.1,879,2078,+,4681,GCA_030801005_04891,562,Escherichia,Escherichia coli,Escherichia coli,JBAGABE-19-0018,tetA_2,tet(A),AMR,AMR,TETRACYCLINE,TETRACYCLINE,,,,NF012193.0,HMM,https://www.ncbi.nlm.nih.gov/genome/annotation_prok/evidence/NF012193/,tetracycline efflux MFS transporter Tet(A)
SAMD00497822,GCA_030801005.1,DAOXYK010000138.1,522,1337,+,4681,GCA_030801005_04894,562,Escherichia,Escherichia coli,Escherichia coli,JBAGABE-19-0018,folP_5,sul2,AMR,AMR,SULFONAMIDE,SULFONAMIDE,,,,NF000295.1,HMM,https://www.ncbi.nlm.nih.gov/genome/annotation_prok/evidence/NF000295/,sulfonamide-resistant dihydropteroate synthase Sul2
SAMD00497822,GCA_030801005.1,DAOXYK010000138.1,1398,2201,+,4681,GCA_030801005_04895,562,Escherichia,Escherichia coli,Escherichia coli,JBAGABE-19-0018,neo_2,aph(3'')-Ib,AMR,AMR,AMINOGLYCOSIDE,STREPTOMYCIN,streptomycin,ARO_0000040,https://www.ebi.ac.uk/ols4/ontologies/aro/classes/http%3A%2F%2Fpurl.obolibrary.org%2Fobo%2FARO_0000040,NF032895.1,HMM,https://www.ncbi.nlm.nih.gov/genome/annotation_prok/evidence/NF032895/,aminoglycoside O-phosphotransferase APH(3'')-Ib
SAMD00497822,GCA_030801005.1,DAOXYK010000138.1,2201,3037,+,4681,GCA_030801005_04896,562,Escherichia,Escherichia coli,Escherichia coli,JBAGABE-19-0018,,aph(6)-Id,AMR,AMR,AMINOGLYCOSIDE,STREPTOMYCIN,streptomycin,ARO_0000040,https://www.ebi.ac.uk/ols4/ontologies/aro/classes/http%3A%2F%2Fpurl.obolibrary.org%2Fobo%2FARO_0000040,NF012171.0,HMM,https://www.ncbi.nlm.nih.gov/genome/annotation_prok/evidence/NF012171/,APH(6)-I family aminoglycoside O-phosphotransferase
SAMD00497822,GCA_030801005.1,DAOXYK010000140.1,107,967,+,4681,GCA_030801005_04899,562,Escherichia,Escherichia coli,Escherichia coli,JBAGABE-19-0018,bla_3,blaTEM-1,AMR,AMR,BETA-LACTAM,BETA-LACTAM,,,,NF000531.2,HMM,https://www.ncbi.nlm.nih.gov/genome/annotation_prok/evidence/NF000531/,TEM family class A beta-lactamase
SAMD00497822,GCA_030801005.1,DAOXYK010000141.1,83,958,+,4681,GCA_030801005_04900,562,Escherichia,Escherichia coli,Escherichia coli,JBAGABE-19-0018,bla_4,blaCTX-M-14,AMR,AMR,BETA-LACTAM,CEPHALOSPORIN,cephalosporin,ARO_0000032,https://www.ebi.ac.uk/ols4/ontologies/aro/classes/http%3A%2F%2Fpurl.obolibrary.org%2Fobo%2FARO_0000032,NF033089.1,HMM,https://www.ncbi.nlm.nih.gov/genome/annotation_prok/evidence/NF033089/,CTX-M family extended-spectrum class A beta-lactamase
SAMD00497822,GCA_030801005.1,DAOXYK010000142.1,83,958,+,4681,GCA_030801005_04901,562,Escherichia,Escherichia coli,Escherichia coli,JBAGABE-19-0018,bla_5,blaCTX-M,AMR,AMR,BETA-LACTAM,CEPHALOSPORIN,cephalosporin,ARO_0000032,https://www.ebi.ac.uk/ols4/ontologies/aro/classes/http%3A%2F%2Fpurl.obolibrary.org%2Fobo%2FARO_0000032,NF033089.1,HMM,https://www.ncbi.nlm.nih.gov/genome/annotation_prok/evidence/NF033089/,CTX-M family extended-spectrum class A beta-lactamase
